,Country,EU,Image URL,2014 05,2014 09,2014 10,2014 11,2014 12,2015 01,2015 02,2015 03,2015 04,2015 05,2015 06,2015 07,2015 08,2015 09,2015 10,2015 11,2015 12,2016 01,2016 02,2016 03,2016 04,2016 05,2016 06,2016 07,2016 08,2016 09,2016 10,2016 11,2016 12,2017 01,2017 02,2017 03,2017 04,2017 05,2017 06,2017 07,2017 08,2017 09,2017 10,2017 11,2017 12,2018 01,2018 02,2018 03,2018 04,2018 05,2018 06,2018 07,2018 08,2018 09,2018 10,2018 11,2018 12,2019 01,2019 02,2019 03,2019 04,2019 05,2019 06,2019 07,2019 08,2019 09,2019 10,2019 11,2019 12,2020 01,2020 02,2020 03,2020 05,2020 06,2020 09
0,AT,EU,https://www.countryflags.io/at/flat/64.png,0.0,0.0,0.0,0.0,0.0,10860719.690000001,10860719.690000001,12710782.190000001,14205035.940000001,45525303.44,52855074.69,52905074.69,52905074.69,58286069.69,63666726.44,75509765.84,75509765.84,79024163.34,81023788.34,81023788.34,83021775.84,95249161.98,95249161.98,95249161.98,95249161.98,100226321.81,110205162.31,110205162.31,110205162.31,120837303.39,124123372.14,124273372.14,124273372.14,124373372.14,124423372.14,124423372.14,124473372.14,132543766.44,139542721.44,144490747.69,144490747.69,144490747.69,144540747.69,144540747.69,144706904.49,144706904.49,144706904.49,144706904.49,148006809.49,148006809.49,148006809.49,148056809.49,148056809.49,165318218.88,166796031.38,166796031.38,168792550.38,184879598.2,184879598.2,184879598.2,184879598.2,184879598.2,184879598.2,184879598.2,184879598.2,184879598.2,184879598.2,184879598.2,184879598.2,184879598.2,184879598.2
1,BE,EU,https://www.countryflags.io/be/flat/64.png,0.0,0.0,0.0,0.0,3720893.4,16937369.47,16937369.47,21094495.41,30090457.41,41212726.67,44517481.67,44687481.67,44860281.67,61946341.43,62107141.43,62267941.43,62267941.43,63648362.68,64248166.43,64420966.43,64584011.03,64584011.03,98516763.78,98516763.78,98516763.78,125815905.21000001,130684167.71000001,132082115.46000001,132082115.46000001,159428577.66,159428577.66,161414702.66,161414702.66,174964585.67,174964585.67,175561998.17,175722798.17,185187624.42,190001722.92,193127192.29999998,193177192.29999998,199684553.29999998,201355822.29999998,201528622.29999998,207897871.79999998,211159385.54999998,221545981.42999998,221545981.42999998,221595981.42999998,225460067.05999997,243472669.68999997,245968541.18999997,252002196.31999996,269749206.31999993,272824027.56999993,274324027.56999993,276596568.81999993,282582506.31999993,287415482.56999993,301357575.72999996,301357575.72999996,306079784.47999996,306436424.47999996,306436424.47999996,306436424.47999996,306436424.47999996,306436424.47999996,306436424.47999996,306436424.47999996,306436424.47999996,306614744.47999996
2,BG,EU,https://www.countryflags.io/bg/flat/64.png,0.0,0.0,0.0,0.0,0.0,0.0,0.0,0.0,0.0,0.0,0.0,0.0,0.0,0.0,0.0,0.0,50000.0,50000.0,50000.0,50000.0,50000.0,50000.0,50000.0,50000.0,50000.0,50000.0,50000.0,50000.0,50000.0,50000.0,50000.0,50000.0,50000.0,50000.0,50000.0,50000.0,50000.0,520550.0,520550.0,520550.0,520550.0,520550.0,520550.0,520550.0,520550.0,520550.0,520550.0,520550.0,520550.0,520550.0,520550.0,520550.0,520550.0,520550.0,520550.0,520550.0,520550.0,520550.0,520550.0,520550.0,520550.0,520550.0,520550.0,520550.0,520550.0,520550.0,520550.0,520550.0,520550.0,520550.0,520550.0
3,CH,Non EU,https://www.countryflags.io/ch/flat/64.png,0.0,0.0,0.0,0.0,0.0,0.0,0.0,0.0,2829269.88,2829269.88,2829269.88,2829269.88,2829269.88,2829269.88,2829269.88,2829269.88,2829269.88,2829269.88,6128364.88,6128364.88,7474802.88,9162222.48,17511603.9,17511603.9,17511603.9,20306778.2,22604384.2,26327614.15,31345639.15,32766287.15,32766287.15,32916007.15,32916007.15,33065966.15,35240666.75,35240666.75,35290666.75,35290666.75,35478086.35,35665505.95,35715505.95,35765505.95,35765505.95,35865505.95,38665505.95,38715505.95,46177507.53,46364927.13,46540346.730000004,46590346.730000004,46777766.330000006,50161168.43000001,50211168.43000001,53889270.93000001,53889270.93000001,67155807.93,67155807.93,67458957.37,71576376.81,71767526.25,71767526.25,72149825.13,72149825.13,72149825.13,72149825.13,72149825.13,72149825.13,72149825.13,72149825.13,72149825.13,72340974.57
4,CY,EU,https://www.countryflags.io/cy/flat/64.png,0.0,0.0,0.0,0.0,0.0,0.0,0.0,0.0,0.0,50000.0,50000.0,4390940.0,4390940.0,4542588.8,4542588.8,4542588.8,4542588.8,5554762.55,5554762.55,5554762.55,5554762.55,5554762.55,5554762.55,5554762.55,5554762.55,5554762.55,5554762.55,5554762.55,5554762.55,5554762.55,5554762.55,5554762.55,5554762.55,5554762.55,5554762.55,5554762.55,5554762.55,5554762.55,5554762.55,5554762.55,5554762.55,5554762.55,5554762.55,5604762.55,5604762.55,5604762.55,5604762.55,5604762.55,5604762.55,5604762.55,5604762.55,5604762.55,5604762.55,9493101.3,9493101.3,9493101.3,9493101.3,9644750.100000001,9644750.100000001,9644750.100000001,9644750.100000001,9644750.100000001,9644750.100000001,9644750.100000001,9644750.100000001,9644750.100000001,9644750.100000001,9644750.100000001,9644750.100000001,9644750.100000001,9644750.100000001
5,CZ,EU,https://www.countryflags.io/cz/flat/64.png,0.0,0.0,0.0,0.0,0.0,3090824.5,3090824.5,4735204.5,4735204.5,4735204.5,4735204.5,4735204.5,4735204.5,4735204.5,4735204.5,4735204.5,4735204.5,11212800.0,11212800.0,11212800.0,11212800.0,11212800.0,11212800.0,11212800.0,11212800.0,12009050.0,12009050.0,12009050.0,12009050.0,12009050.0,12009050.0,12009050.0,12009050.0,12009050.0,12151770.8,12151770.8,12151770.8,12151770.8,12151770.8,12151770.8,12151770.8,12151770.8,13363145.8,13363145.8,13363145.8,13505866.600000001,14507392.350000001,14507392.350000001,14507392.350000001,14507392.350000001,14507392.350000001,14507392.350000001,14507392.350000001,14507392.350000001,14507392.350000001,14507392.350000001,14507392.350000001,14507392.350000001,14507392.350000001,14507392.350000001,14507392.350000001,14507392.350000001,14507392.350000001,14507392.350000001,14507392.350000001,14507392.350000001,14507392.350000001,14507392.350000001,14507392.350000001,14507392.350000001,14507392.350000001
6,DE,EU,https://www.countryflags.io/de/flat/64.png,0.0,0.0,100000.0,3944898.96,9835558.96,38571603.72,40514606.22,50832588.72,60042284.65,85896738.7,126429114.6,134929251.72,139159603.22,156954840.86,157114301.66000003,158273134.96000004,158273134.96000004,187634233.61000004,188871006.91000006,246690307.92000005,262081722.68000004,266941716.28000003,272983027.54,273204488.34000003,273254488.34000003,323511707.46000004,359804024.52000004,402784360.94000006,410754389.56000006,428236404.57000005,430568592.57000005,437589168.89000005,442735476.03000003,459284205.41,512595450.53000003,514685125.53000003,517675937.78000003,529829657.81000006,539543491.5600001,540689176.11,540789176.11,574660580.36,578511543.0,578561543.0,582808117.3,618712246.56,618762246.56,618921707.3599999,618921707.3599999,620395107.3599999,628672119.8599999,629256344.8599999,652043780.2599999,664614300.5599998,666114300.5599998,670085741.3599998,673583085.3599998,688834198.2099998,713394434.5799998,713394434.5799998,713569240.9799998,716068702.9799998,718738338.3799998,718738338.3799998,718913144.7799997,720901424.7799997,720901424.7799997,720901424.7799997,720901424.7799997,720901424.7799997,720901424.7799997
7,DK,EU,https://www.countryflags.io/dk/flat/64.png,0.0,0.0,0.0,0.0,0.0,6514975.75,6564975.75,6564975.75,8406791.75,18414304.71,21557911.96,21607911.96,21607911.96,22220496.36,22220496.36,22220496.36,22220496.36,28220388.86,48942878.739999995,48992878.739999995,48992878.739999995,53693587.28999999,53693587.28999999,53743587.28999999,53843587.28999999,63568556.419999994,67724912.66999999,67724912.66999999,67724912.66999999,67724912.66999999,67774912.66999999,67975107.46999998,67975107.46999998,69974857.46999998,71075607.46999998,72166732.46999998,74766731.46999998,74766731.46999998,78925275.36999999,80035405.36999999,80085405.36999999,80297600.16999999,80297600.16999999,81303850.16999999,81516044.96999998,90029130.62999998,90441520.22999997,92830357.72999997,94481735.52999997,94481735.52999997,94481735.52999997,118175846.58999997,120675845.58999997,131372611.83999997,131584806.63999997,133559433.88999997,133559433.88999997,136756830.89,136756830.89,136756830.89,136964142.89,136964142.89,136964142.89,136964142.89,136964142.89,136964142.89,136964142.89,136964142.89,136964142.89,137183454.89,137183454.89
8,EE,EU,https://www.countryflags.io/ee/flat/64.png,0.0,0.0,50000.0,50000.0,50000.0,50000.0,50000.0,50000.0,3090221.25,3090221.25,3090221.25,3140221.25,3140221.25,3140221.25,3190221.25,3190221.25,3190221.25,3190221.25,3190221.25,3190221.25,5678983.75,5728983.75,5728983.75,7348871.25,7348871.25,7348871.25,7348871.25,7348871.25,7348871.25,7348871.25,7348871.25,7348871.25,7348871.25,7348871.25,7348871.25,7348871.25,7348871.25,8642576.25,8642576.25,8642576.25,8642576.25,8642576.25,8642576.25,8642576.25,10012826.25,10012826.25,30972571.37,30972571.37,30972571.37,32765621.37,32765621.37,32765621.37,32765621.37,33782896.370000005,33782896.370000005,33782896.370000005,35782646.370000005,35782646.370000005,35782646.370000005,35782646.370000005,35782646.370000005,35782646.370000005,35782646.370000005,35782646.370000005,35782646.370000005,35782646.370000005,35782646.370000005,35782646.370000005,35782646.370000005,35782646.370000005,35936839.650000006
9,EL,EU,https://www.countryflags.io/gr/flat/64.png,0.0,0.0,0.0,0.0,0.0,3072655.0,14131277.5,14131277.5,14131277.5,14131277.5,14181277.5,14181277.5,14181277.5,15139777.5,15139777.5,15139777.5,15139777.5,21031050.0,27314945.0,27314945.0,35294981.25,35294981.25,35294981.25,35344981.25,35444981.25,36657378.63,36657378.63,36657378.63,36657378.63,36657378.63,36657378.63,38151128.63,38151128.63,39259888.63,41427326.13,41427326.13,42411001.13,48404467.38,48404467.38,48404467.38,50453034.89,63532335.14,63532335.14,71570299.52,71570299.52,83560033.66,88554959.91,98513666.78999999,98513666.78999999,102587835.47,102587835.47,110496100.47,117482674.22,131022110.47,131022110.47,131022110.47,131022110.47,135812646.72,140798121.72,140798121.72,140798121.72,145527669.22,148023169.22,148023169.22,148023169.22,148023169.22,148023169.22,148023169.22,148023169.22,148023169.22,148023169.22
10,ES,EU,https://www.countryflags.io/es/flat/64.png,0.0,0.0,100000.0,100000.0,100000.0,26085724.400000002,39646701.400000006,41432521.970000006,45311776.220000006,72995518.74000001,93724624.54,102897128.04,104530729.42,130942519.78,141599296.53,141757418.13,148833380.2,196097707.29999998,259884879.26999998,269090321.71999997,271455538.71999997,276953204.96999997,307330552.92999995,311281337.03,312331333.28,316375328.90999997,334965096.74999994,375287432.37999994,400499844.68999994,443924293.79999995,454422413.4499999,454734003.66999996,458965008.90999997,467168344.15999997,515064660.41999996,522923467.15999997,523550779.96,529841659.87,547695588.21,569227602.47,574148891.22,632737509.85,637422134.85,639029561.83,656997898.9300001,675196188.7500001,683640137.6800001,684203259.2800001,688424294.4100001,716836291.2300001,743620965.2200001,769677405.7600001,775081750.7600001,805047326.3900001,808619468.0300001,818403103.1000001,836355589.1300001,846219065.1400001,864850836.69,866669368.99,866669368.99,883222277.57,883556142.5300001,883556142.5300001,883729075.0100001,883729075.0100001,883729075.0100001,883890007.4900001,884062939.9700001,884062939.9700001,884062939.9700001
11,FI,EU,https://www.countryflags.io/fi/flat/64.png,0.0,0.0,150000.0,150000.0,150000.0,2830253.0,9633001.0,9633001.0,9683001.0,9683001.0,26731023.13,28197648.13,28197648.13,35476311.379999995,35476311.379999995,35476311.379999995,35476311.379999995,38105011.379999995,39811377.629999995,39811377.629999995,39811377.629999995,41870427.629999995,47901360.42999999,47901360.42999999,47901360.42999999,50131581.42999999,50131581.42999999,50131581.42999999,52632177.67999999,70633135.17999999,72843150.17999999,75782607.67999999,75782607.67999999,80879267.67999999,84779207.17999999,84779207.17999999,84829207.17999999,86631822.17999999,94354521.17999999,94354521.17999999,94354521.17999999,111147187.80999999,111147187.80999999,115636732.80999999,115636732.80999999,120633501.55999999,124908088.55999999,124908088.55999999,128633708.05999999,128683708.05999999,136556578.06,139530531.81,141337921.81,158455624.12,158455624.12,158455624.12,158505624.12,160931561.62,171929606.62,171929606.62,173444787.58,173444787.58,173444787.58,173444787.58,173444787.58,173444787.58,173723393.98000002,173723393.98000002,173723393.98000002,173723393.98000002,173723393.98000002
12,FR,EU,https://www.countryflags.io/fr/flat/64.png,0.0,0.0,50000.0,150000.0,150000.0,13579900.75,15684701.629999999,26052136.88,42754634.62,58000904.5,85086887.8,87667984.55,87667984.55,98918228.85,114570286.89999999,114570286.89999999,118069571.89999999,128562817.89999999,158979440.04999998,165679440.04999998,165679440.04999998,168940552.89,171412775.42999998,172962775.42999998,173012775.42999998,202956046.73999998,226911389.36999997,248918127.34999996,257909416.98999995,299533327.10999995,299533327.10999995,301185327.10999995,301358403.10999995,306361964.77,318656563.22999996,320195256.22999996,320195256.22999996,326667267.91999996,348951074.41999996,375920855.86999995,376020855.86999995,403350125.74999994,406229142.62999994,407129805.62999994,430426825.5799999,447392450.7199999,451642794.2199999,451642794.2199999,451692794.2199999,454692791.7199999,464102415.4699999,464302415.4699999,464525491.4699999,504626992.3099999,504626992.3099999,504626992.3099999,507550039.3199999,522489409.2299999,558989249.2299999,558989249.2299999,558989249.2299999,561868406.9099998,567822288.5699998,570318041.5699998,570318041.5699998,570318041.5699998,570502749.4099998,570502749.4099998,570502749.4099998,570502749.4099998,570699457.2499999
13,HR,EU,https://www.countryflags.io/hr/flat/64.png,0.0,0.0,0.0,0.0,0.0,709468.0,709468.0,709468.0,709468.0,709468.0,759468.0,759468.0,759468.0,759468.0,759468.0,759468.0,759468.0,759468.0,759468.0,759468.0,759468.0,759468.0,759468.0,759468.0,759468.0,759468.0,759468.0,759468.0,759468.0,759468.0,759468.0,759468.0,759468.0,759468.0,759468.0,759468.0,759468.0,759468.0,759468.0,759468.0,759468.0,759468.0,759468.0,759468.0,759468.0,759468.0,759468.0,759468.0,759468.0,759468.0,1756185.5,1756185.5,1756185.5,1756185.5,1756185.5,1756185.5,1756185.5,1756185.5,1756185.5,1756185.5,1756185.5,1756185.5,1756185.5,1756185.5,1756185.5,1756185.5,1756185.5,1756185.5,1756185.5,1756185.5,1756185.5
14,HU,EU,https://www.countryflags.io/hu/flat/64.png,0.0,0.0,0.0,50000.0,50000.0,50000.0,50000.0,50000.0,50000.0,50000.0,50000.0,50000.0,50000.0,50000.0,50000.0,50000.0,50000.0,4285567.5,4285567.5,5796517.5,5796517.5,5796517.5,5796517.5,5796517.5,5796517.5,5796517.5,5796517.5,5796517.5,5796517.5,5846517.5,5846517.5,5846517.5,5846517.5,5896517.5,5896517.5,5896517.5,5896517.5,5896517.5,8465180.6,8465180.6,8465180.6,8465180.6,8465180.6,8515180.6,8515180.6,8515180.6,8515180.6,8515180.6,8515180.6,8515180.6,11514146.85,11514146.85,11564146.85,11564146.85,11564146.85,11564146.85,11564146.85,11715997.73,11765997.73,11765997.73,11765997.73,11765997.73,11765997.73,11765997.73,11765997.73,11765997.73,11765997.73,11765997.73,11765997.73,11765997.73,11765997.73
15,IE,EU,https://www.countryflags.io/ie/flat/64.png,0.0,0.0,50000.0,100000.0,100000.0,100000.0,100000.0,2227951.25,3775361.25,3825361.25,16160854.38,16160854.38,16160854.38,18140220.380000003,18986058.740000002,18986058.740000002,18986058.740000002,19161924.740000002,21161774.240000002,30062535.57,31602645.57,31602645.57,38562939.32,38562939.32,38562939.32,38562939.32,41062881.32,53340365.08,56460296.989999995,69052380.97,69102380.97,72046382.22,72046382.22,72046382.22,72470311.62,74592834.12,74592834.12,78060427.87,78209232.87,78209232.87,78209232.87,111414597.74000001,111414597.74000001,113059597.74000001,113885857.74000001,114073723.74000001,114073723.74000001,114073723.74000001,114261589.74000001,114613321.74000001,118841881.26,118841881.26,118841881.26,141261320.34,141261320.34,141261320.34,141261320.34,145260403.59,145456994.31,145456994.31,145456994.31,147956940.31,147956940.31,147956940.31,147956940.31,147956940.31,147956940.31,147956940.31,147956940.31,147956940.31,147956940.31
16,IL,Non EU,https://www.countryflags.io/il/flat/64.png,0.0,0.0,0.0,0.0,0.0,0.0,5806455.0,5856455.0,8044714.2,8044714.2,8315223.4,9815223.4,9815223.4,9815223.4,9985732.6,9985732.6,9985732.6,11985575.6,11985575.6,12035575.6,12035575.6,12035575.6,12085575.6,12085575.6,12085575.6,15149964.25,15199964.25,15199964.25,15199964.25,20196424.25,20196424.25,20246424.25,20246424.25,20246424.25,20396424.25,20396424.25,22001174.25,23162959.35,23162959.35,23212959.35,23262959.35,23262959.35,23433468.55,23433468.55,23433468.55,23583468.55,23633468.55,23633468.55,23783468.55,23783468.55,23783468.55,23783468.55,23953977.75,25653977.75,25803977.75,25803977.75,25803977.75,27253268.0,27253268.0,27253268.0,27253268.0,27253268.0,27253268.0,27253268.0,27253268.0,27253268.0,27253268.0,27253268.0,27253268.0,27253268.0,27253268.0
17,IS,Non EU,https://www.countryflags.io/is/flat/64.png,0.0,0.0,0.0,0.0,0.0,0.0,0.0,0.0,0.0,0.0,0.0,0.0,0.0,0.0,0.0,0.0,19999740.88,19999740.88,24704654.63,24704654.63,24704654.63,24704654.63,24704654.63,24704654.63,24704654.63,24704654.63,29628404.63,29628404.63,29628404.63,36649067.94,36649067.94,36649067.94,36649067.94,36699067.94,36699067.94,36699067.94,38899385.94,38899385.94,38899385.94,38899385.94,38949385.94,38949385.94,43996678.44,44046678.44,44046678.44,44221678.44,44221678.44,44221678.44,44221678.44,44221678.44,59821521.32,59821521.32,59821521.32,61648901.95,62655651.95,62655651.95,62655651.95,62655651.95,62655651.95,62655651.95,62655651.95,62655651.95,62655651.95,62655651.95,62655651.95,62655651.95,62655651.95,62655651.95,62655651.95,62655651.95,62655651.95
18,IT,EU,https://www.countryflags.io/it/flat/64.png,0.0,0.0,100000.0,200000.0,200000.0,9239654.149999999,17764396.65,19667659.65,19667659.65,35049973.9,47477727.03,49945090.78,52433240.78,63833648.03,66574717.13,66574717.13,71023874.63,85761472.00999999,90369655.82,114472651.97,117152928.17,118599515.58,149937920.66,153871439.85999998,153921439.85999998,155140579.19,192227652.07,220654688.20999998,224272588.20999998,234413457.64,239679885.33999997,241146147.08999997,241246147.08999997,277905079.21999997,308456635.84999996,308456635.84999996,309571791.42999995,329304336.46999997,344321831.84999996,351335889.34999996,351435889.34999996,377782670.72999996,382882616.48999995,386743821.48999995,393585782.23999995,411535242.50999993,452867656.1499999,452867656.1499999,453197933.3499999,453820756.7499999,462988849.32999986,470195826.58999985,470195826.58999985,481754814.08999985,483555332.6899999,487960947.6899999,507172384.94999987,512443856.97999984,527432296.5099999,528931380.5099999,528931380.5099999,528931380.5099999,528931380.5099999,528931380.5099999,528931380.5099999,528931380.5099999,529102853.78999984,529378063.70999986,529378063.70999986,529378063.70999986,529549536.98999983
19,LT,EU,https://www.countryflags.io/lt/flat/64.png,0.0,0.0,0.0,0.0,0.0,0.0,100000.0,100000.0,100000.0,100000.0,150000.0,150000.0,150000.0,150000.0,150000.0,150000.0,150000.0,150000.0,150000.0,150000.0,150000.0,150000.0,150000.0,150000.0,150000.0,150000.0,150000.0,150000.0,150000.0,4145255.0,4145255.0,4145255.0,4195255.0,4195255.0,4195255.0,4195255.0,4195255.0,4195255.0,4195255.0,4195255.0,4195255.0,4195255.0,4195255.0,4195255.0,4195255.0,14103048.0,14103048.0,14103048.0,14103048.0,14103048.0,14103048.0,14103048.0,14103048.0,14103048.0,14103048.0,14103048.0,14103048.0,14103048.0,14103048.0,14103048.0,14103048.0,14103048.0,14103048.0,14103048.0,14103048.0,14103048.0,14103048.0,14103048.0,14103048.0,14103048.0,14103048.0
20,LU,EU,https://www.countryflags.io/lu/flat/64.png,0.0,0.0,0.0,0.0,0.0,0.0,0.0,263000.0,263000.0,263000.0,263000.0,263000.0,263000.0,263000.0,263000.0,263000.0,263000.0,263000.0,263000.0,263000.0,263000.0,263000.0,263000.0,263000.0,263000.0,263000.0,263000.0,263000.0,263000.0,263000.0,263000.0,263000.0,263000.0,263000.0,263000.0,263000.0,263000.0,263000.0,263000.0,263000.0,263000.0,263000.0,263000.0,263000.0,263000.0,263000.0,263000.0,263000.0,263000.0,263000.0,263000.0,263000.0,263000.0,263000.0,263000.0,263000.0,263000.0,263000.0,263000.0,263000.0,263000.0,6260018.5,6260018.5,6260018.5,6260018.5,6260018.5,6260018.5,6260018.5,6260018.5,6260018.5,6260018.5
21,LV,EU,https://www.countryflags.io/lv/flat/64.png,0.0,0.0,0.0,0.0,0.0,0.0,0.0,0.0,141582.0,141582.0,141582.0,141582.0,141582.0,141582.0,141582.0,141582.0,141582.0,141582.0,141582.0,141582.0,141582.0,141582.0,141582.0,141582.0,141582.0,141582.0,191582.0,191582.0,241582.0,241582.0,241582.0,241582.0,241582.0,241582.0,241582.0,241582.0,241582.0,241582.0,2026565.75,2026565.75,2026565.75,2026565.75,2026565.75,2026565.75,2026565.75,2026565.75,2026565.75,2026565.75,2026565.75,2026565.75,2026565.75,2026565.75,2026565.75,2026565.75,2026565.75,2026565.75,2026565.75,2026565.75,2026565.75,2026565.75,2026565.75,2026565.75,2026565.75,2026565.75,2026565.75,2026565.75,2026565.75,2026565.75,2026565.75,2026565.75,2026565.75
22,MT,EU,https://www.countryflags.io/mt/flat/64.png,0.0,0.0,0.0,0.0,0.0,0.0,0.0,0.0,0.0,0.0,0.0,0.0,0.0,0.0,0.0,0.0,0.0,0.0,0.0,0.0,0.0,0.0,0.0,0.0,0.0,0.0,0.0,0.0,0.0,0.0,0.0,0.0,0.0,0.0,0.0,0.0,0.0,0.0,0.0,0.0,0.0,0.0,0.0,0.0,0.0,0.0,0.0,0.0,0.0,0.0,1000000.0,1000000.0,1000000.0,1000000.0,1000000.0,1000000.0,1000000.0,1000000.0,1000000.0,1000000.0,1000000.0,1000000.0,1000000.0,1000000.0,1000000.0,1000000.0,1000000.0,1000000.0,1000000.0,1000000.0,1000000.0
23,NL,EU,https://www.countryflags.io/nl/flat/64.png,0.0,50000.0,50000.0,50000.0,50000.0,3090467.2,4583678.45,4583678.45,8945657.25,22861005.27,24911005.27,32629736.27,36096632.769999996,37932637.56999999,39310123.36999999,40584587.62999999,40584587.62999999,80392006.72999999,80492006.72999999,81265630.88999999,83020265.88999999,93231647.89999999,93397246.69999999,95892871.69999999,97373579.94999999,117440901.38999999,125751656.51999998,135278227.35999998,135278227.35999998,148287849.51,148337849.51,151337034.51,151387034.51,157863146.92,158110872.42,158110872.42,158110872.42,187006112.72,211205217.84,225970609.61,227469009.61,229688998.17000002,229688998.17000002,229688998.17000002,238638982.42000002,238904581.22000003,241401481.22000003,241629080.02000004,244169462.52000004,246723161.32000005,275276749.28000003,279875184.83000004,279975184.83000004,282975184.83000004,283175184.83000004,287728246.95000005,290117925.68000007,296989989.81000006,305533274.81000006,305533274.81000006,305533274.81000006,307717868.2900001,307893440.7700001,307893440.7700001,307893440.7700001,308081013.2500001,308081013.2500001,308081013.2500001,308081013.2500001,308081013.2500001,308081013.2500001
24,NO,Non EU,https://www.countryflags.io/no/flat/64.png,0.0,0.0,0.0,0.0,0.0,4429808.12,8301017.12,8301017.12,8301017.12,13315115.65,32203403.15,32203403.15,32203403.15,35505682.15,48670880.28,55701711.78,55701711.78,55701711.78,67591641.01,67591641.01,75202386.01,78462683.51,78462683.51,78462683.51,78462683.51,78512683.51,87184442.39,87234442.39,89729428.64,103053055.52,103053055.52,103053055.52,103053055.52,103053055.52,103103055.52,103103055.52,103153055.52,103361455.92,117063043.72,117063043.72,117418543.72,122466282.35,122466282.35,122466282.35,122466282.35,130442971.1,130651371.5,130847771.9,132614731.9,132614731.9,137610886.9,157660883.28,157660883.28,166453768.53,168379156.03,168379156.03,168379156.03,172376319.78,172376319.78,173794181.78,173794181.78,173794181.78,173794181.78,173794181.78,173794181.78,173794181.78,173794181.78,173794181.78,173794181.78,173794181.78,173794181.78
25,PL,EU,https://www.countryflags.io/pl/flat/64.png,0.0,0.0,0.0,0.0,0.0,0.0,0.0,0.0,0.0,100000.0,100000.0,1527250.0,1527250.0,1527250.0,1577250.0,2624801.25,3601801.25,11600736.25,11600736.25,11600736.25,11600736.25,11600736.25,11600736.25,11600736.25,11600736.25,11600736.25,11650736.25,11650736.25,11650736.25,11700736.25,11800736.25,11800736.25,11800736.25,11800736.25,11800736.25,11800736.25,11800736.25,12793020.0,12793020.0,12793020.0,12843020.0,18638603.75,18638603.75,18638603.75,18638603.75,18638603.75,18638603.75,18638603.75,18638603.75,18638603.75,18638603.75,18638603.75,18638603.75,20926678.75,20926678.75,20926678.75,20926678.75,20926678.75,20995491.55,20995491.55,20995491.55,20995491.55,23000954.8,23000954.8,23000954.8,23000954.8,23000954.8,23000954.8,23000954.8,23000954.8,23000954.8
26,PT,EU,https://www.countryflags.io/pt/flat/64.png,0.0,0.0,0.0,0.0,0.0,4007656.75,6167656.75,11958237.25,11958237.25,15515120.5,18861780.5,18861780.5,18861780.5,18861780.5,23173480.5,23173480.5,24046480.5,28547337.75,28547337.75,28547337.75,28547337.75,28547337.75,28547337.75,28757973.35,28807973.35,33599681.730000004,33599681.730000004,33599681.730000004,38599571.74,54901806.010000005,54951806.010000005,54951806.010000005,54951806.010000005,55001806.010000005,55001806.010000005,55150441.61000001,55150441.61000001,55200441.61000001,56517636.86000001,56517636.86000001,56517636.86000001,57210636.86000001,57260636.86000001,60384710.61000001,60384710.61000001,61384148.11000001,61434148.11000001,61484148.11000001,61632783.71000001,61632783.71000001,61632783.71000001,62695113.71000001,62695113.71000001,62845113.71000001,62845113.71000001,62845113.71000001,62845113.71000001,62845113.71000001,69002687.52000001,69798512.52000001,69798512.52000001,73783183.84,73783183.84,73942998.88000001,73942998.88000001,73942998.88000001,73942998.88000001,74102813.92000002,74102813.92000002,74102813.92000002,74102813.92000002
27,RO,EU,https://www.countryflags.io/ro/flat/64.png,0.0,0.0,0.0,0.0,0.0,0.0,0.0,0.0,0.0,0.0,580500.0,580500.0,580500.0,580500.0,580500.0,580500.0,580500.0,580500.0,580500.0,580500.0,580500.0,580500.0,580500.0,717922.8,717922.8,717922.8,717922.8,717922.8,717922.8,717922.8,717922.8,717922.8,717922.8,717922.8,717922.8,717922.8,717922.8,717922.8,717922.8,717922.8,717922.8,717922.8,717922.8,717922.8,717922.8,717922.8,717922.8,717922.8,967922.8,967922.8,967922.8,967922.8,967922.8,967922.8,967922.8,967922.8,967922.8,967922.8,1217672.8,1217672.8,1217672.8,1217672.8,1217672.8,1217672.8,1217672.8,1217672.8,1217672.8,1217672.8,1217672.8,1217672.8,1217672.8
28,RS,Non EU,https://www.countryflags.io/rs/flat/64.png,140000.0,140000.0,140000.0,140000.0,140000.0,140000.0,140000.0,140000.0,140000.0,140000.0,140000.0,140000.0,140000.0,140000.0,140000.0,140000.0,140000.0,140000.0,140000.0,140000.0,140000.0,140000.0,140000.0,140000.0,140000.0,140000.0,140000.0,140000.0,140000.0,140000.0,140000.0,140000.0,140000.0,140000.0,190000.0,190000.0,190000.0,190000.0,190000.0,190000.0,190000.0,190000.0,190000.0,190000.0,190000.0,190000.0,190000.0,190000.0,190000.0,190000.0,190000.0,190000.0,190000.0,190000.0,190000.0,190000.0,190000.0,190000.0,190000.0,190000.0,190000.0,190000.0,190000.0,190000.0,190000.0,190000.0,190000.0,190000.0,190000.0,190000.0,190000.0
29,SE,EU,https://www.countryflags.io/se/flat/64.png,0.0,0.0,50000.0,50000.0,200000.0,28832779.299999997,28832779.299999997,32617794.299999997,34342794.3,37954635.8,50048331.3,50048331.3,50222188.5,50222188.5,56696733.5,56696733.5,56696733.5,64094597.15,65834972.15,67584972.15,71584970.9,71584970.9,71634970.9,71634970.9,71634970.9,73019282.85000001,74930739.95,78919483.95,83468184.83,83468184.83,83518184.83,85017943.83,86505188.83,86505188.83,86605188.83,86605188.83,86705188.83,88205188.83,90301163.83,90301163.83,90301163.83,90301163.83,90301163.83,90475021.03,90475021.03,90525021.03,92625021.03,92625021.03,93034735.43,94985467.43,94985467.43,94985467.43,95035467.43,98464604.63000001,98514604.63000001,99014060.63000001,99014060.63000001,99064060.63000001,99064060.63000001,99064060.63000001,99064060.63000001,101755912.79,101755912.79,101755912.79,101755912.79,102163617.11,102163617.11,102163617.11,102163617.11,102163617.11,102163617.11
30,SI,EU,https://www.countryflags.io/si/flat/64.png,0.0,0.0,0.0,0.0,0.0,0.0,50000.0,50000.0,50000.0,100000.0,8074352.0,8074352.0,8074352.0,8124352.0,8174352.0,8174352.0,10166297.0,10166297.0,10166297.0,10216297.0,10216297.0,10216297.0,10216297.0,10216297.0,10216297.0,10216297.0,10216297.0,10216297.0,10216297.0,12216222.0,12266222.0,12266222.0,12266222.0,21245400.75,21245400.75,21245400.75,21245400.75,21245400.75,21245400.75,21245400.75,21245400.75,25632464.5,25632464.5,25632464.5,25632464.5,25632464.5,39533590.14,41438155.14,41438155.14,41688929.34,41688929.34,41688929.34,41688929.34,51244637.36,51244637.36,51294637.36,51294637.36,51294637.36,51294637.36,51294637.36,51294637.36,51294637.36,51456677.68,51456677.68,51456677.68,51456677.68,51456677.68,51456677.68,51456677.68,51456677.68,51456677.68
31,SK,EU,https://www.countryflags.io/sk/flat/64.png,0.0,0.0,0.0,0.0,0.0,0.0,0.0,1399622.72,1399622.72,1399622.72,1867060.72,1867060.72,1867060.72,1867060.72,1867060.72,1867060.72,1867060.72,1867060.72,1867060.72,1867060.72,1867060.72,1867060.72,1867060.72,1867060.72,1917060.72,1917060.72,1917060.72,1917060.72,1917060.72,1917060.72,1967060.72,1967060.72,1967060.72,1967060.72,1967060.72,1967060.72,1967060.72,1967060.72,1967060.72,1967060.72,1967060.72,1967060.72,1967060.72,1967060.72,1967060.72,1967060.72,1967060.72,1967060.72,1967060.72,1967060.72,1967060.72,1967060.72,1967060.72,1967060.72,2017060.72,2017060.72,2017060.72,2017060.72,2017060.72,2017060.72,2017060.72,2017060.72,2017060.72,2017060.72,2017060.72,2017060.72,2017060.72,2017060.72,2017060.72,2017060.72,2017060.72
32,TR,Non EU,https://www.countryflags.io/tr/flat/64.png,0.0,0.0,0.0,0.0,0.0,0.0,0.0,50000.0,50000.0,50000.0,50000.0,50000.0,50000.0,195845.6,195845.6,195845.6,195845.6,195845.6,195845.6,195845.6,341691.2,341691.2,499536.80000000005,499536.80000000005,499536.80000000005,499536.80000000005,499536.80000000005,499536.80000000005,499536.80000000005,499536.80000000005,499536.80000000005,499536.80000000005,499536.80000000005,499536.80000000005,499536.80000000005,499536.80000000005,499536.80000000005,499536.80000000005,499536.80000000005,499536.80000000005,499536.80000000005,499536.80000000005,549536.8,549536.8,549536.8,549536.8,549536.8,549536.8,549536.8,549536.8,549536.8,549536.8,599536.8,599536.8,649536.8,649536.8,649536.8,649536.8,649536.8,649536.8,892245.92,892245.92,892245.92,892245.92,892245.92,892245.92,892245.92,892245.92,892245.92,892245.92,892245.92
33,UA,Non EU,https://www.countryflags.io/ua/flat/64.png,0.0,0.0,0.0,0.0,0.0,0.0,0.0,0.0,0.0,0.0,0.0,0.0,0.0,0.0,0.0,0.0,0.0,0.0,0.0,50000.0,50000.0,50000.0,50000.0,50000.0,50000.0,50000.0,50000.0,50000.0,50000.0,1270887.5,1270887.5,1270887.5,1270887.5,1270887.5,1320887.5,1320887.5,1320887.5,1320887.5,1320887.5,1370887.5,1370887.5,1370887.5,1370887.5,1370887.5,1370887.5,1370887.5,1370887.5,1370887.5,1370887.5,1370887.5,1370887.5,1370887.5,1370887.5,1370887.5,1370887.5,1370887.5,1370887.5,1370887.5,2366822.13,2366822.13,2366822.13,2366822.13,2366822.13,2366822.13,2366822.13,2366822.13,2366822.13,2366822.13,2366822.13,2366822.13,2366822.13
34,UK,EU,https://www.countryflags.io/gb/flat/64.png,0.0,0.0,150000.0,200000.0,349533.75,13548427.969999999,20037082.22,20220537.02,24666302.42,47743172.02,84220452.09,87646572.99000001,92158793.99000001,103703926.89000002,104428291.29000002,112987793.82000002,113087793.82000002,143945565.59000003,144129020.39000005,166134456.63000005,185257733.05000007,227514060.90000007,235726959.90000007,236167869.50000006,239345406.55000007,253099568.92000008,260539893.32000008,267827061.17000008,272880905.68000007,315527489.4100001,316707529.6600001,322895650.7800001,327543473.5800001,328825973.5800001,333751976.9300001,353341164.23000014,355483486.4300001,386271205.54000014,390642112.84000015,397736275.29000014,397993292.64000016,440691298.8000002,455763991.9900002,459964356.39000016,478154559.95000017,485641719.89000016,494522374.28000015,504165994.6900002,506086193.2400002,506831580.5900002,518864717.8300002,521396525.3300002,521521525.3300002,535054381.4500002,542157313.9700003,542157313.9700003,547854515.2500002,551354340.7600002,576024195.2600002,577639987.7800002,578077855.3000002,587512503.7000002,587512503.7000002,587512503.7000002,587737437.4600002,588226869.4600002,588226869.4600002,588226869.4600002,588226869.4600002,588226869.4600002,588226869.4600002
